cell_value,time_slot_id,error_data,category_code,seasonally_adj,data_type_code,time,us
688810,0,no,44X72,yes,SM,2023-06,1
703256,0,no,44X72,yes,SM,2023-12,1
11124,0,no,4521E,yes,SM,2023-04,1
10871,0,no,4521E,yes,SM,2023-10,1
415563,0,no,44000,yes,SM,2017-02,1
416861,0,no,44000,yes,SM,2017-08,1
29544,0,no,444,yes,SM,2017-10,1
473019,0,no,44X72,yes,SM,2017-01,1
473552,0,no,44X72,yes,SM,2017-07,1
400619,0,no,44Y72,yes,SM,2018-09,1
7073,0,no,451,yes,SM,2017-02,1
6915,0,no,451,yes,SM,2017-08,1
11078,0,no,453,yes,SM,2019-05,1
11416,0,no,453,yes,SM,2019-11,1
74168,0,no,4451,yes,SM,2020-03,1
62303,0,no,4451,yes,SM,2020-09,1
110697,0,no,441,yes,SM,2021-02,1
118938,0,no,441,yes,SM,2021-08,1
59293,0,no,454,yes,SM,2019-02,1
64017,0,no,454,yes,SM,2019-08,1
97914,0,no,441X,yes,SM,2020-06,1
103058,0,no,441X,yes,SM,2020-12,1
7651,0,no,443,yes,SM,2017-06,1
7798,0,no,443,yes,SM,2017-12,1
38127,0,no,447,yes,SM,2017-05,1
40784,0,no,447,yes,SM,2017-10,1
55336,0,no,4451,yes,SM,2018-01,1
56057,0,no,4451,yes,SM,2018-07,1
29955,0,no,446,yes,SM,2020-11,1
525411,0,no,44X72,yes,SM,2020-01,1
535644,0,no,44X72,yes,SM,2020-07,1
62573,0,no,452,yes,SM,2020-03,1
42276,0,no,444,yes,SM,2021-03,1
39307,0,no,444,yes,SM,2021-09,1
20888,0,no,448,yes,SM,2021-01,1
25152,0,no,448,yes,SM,2021-07,1
24718,0,no,448,yes,SM,2021-12,1
9207,0,no,451,yes,SM,2021-03,1
8406,0,no,451,yes,SM,2021-09,1
14440,0,no,453,yes,SM,2022-03,1
14360,0,no,453,yes,SM,2022-09,1
438994,0,no,44Y72,yes,SM,2020-10,1
10844,0,no,4521E,yes,SM,2020-01,1
9524,0,no,4521E,yes,SM,2020-07,1
9704,0,no,4521E,yes,SM,2020-12,1
548693,0,no,44000,yes,SM,2021-06,1
71740,0,no,445,yes,SM,2021-02,1
75605,0,no,445,yes,SM,2021-08,1
443068,0,no,44W72,yes,SM,2021-07,1
66184,0,no,452,yes,SM,2021-06,1
67998,0,no,452,yes,SM,2021-12,1
100514,0,no,454,yes,SM,2022-03,1
105118,0,no,454,yes,SM,2022-09,1
48809,0,no,454,yes,SM,2017-03,1
51303,0,no,454,yes,SM,2017-09,1
9860,0,no,442,yes,SM,2018-01,1
9948,0,no,442,yes,SM,2018-06,1
10067,0,no,442,yes,SM,2018-12,1
27604,0,no,446,yes,SM,2018-01,1
28247,0,no,446,yes,SM,2018-07,1
499218,0,no,44X72,yes,SM,2018-06,1
496973,0,no,44X72,yes,SM,2018-12,1
58575,0,no,452,yes,SM,2018-06,1
60005,0,no,452,yes,SM,2018-11,1
449409,0,no,44000,yes,SM,2019-06,1
457253,0,no,44000,yes,SM,2019-12,1
30572,0,no,444,yes,SM,2019-05,1
31164,0,no,444,yes,SM,2019-11,1
469019,0,no,44Z72,yes,SM,2019-05,1
480236,0,no,44Z72,yes,SM,2019-11,1
3971,0,no,442,yes,SM,2020-04,1
10798,0,no,442,yes,SM,2020-09,1
12109,0,no,4521E,yes,SM,2018-02,1
11760,0,no,4521E,yes,SM,2018-08,1
102707,0,no,441,yes,SM,2019-06,1
105958,0,no,441,yes,SM,2019-11,1
64867,0,no,445,yes,SM,2019-09,1
22116,0,no,448,yes,SM,2019-05,1
22247,0,no,448,yes,SM,2019-11,1
6684,0,no,451,yes,SM,2019-12,1
119623,0,no,441X,yes,SM,2023-02,1
121566,0,no,441X,yes,SM,2023-08,1
11608,0,no,442,yes,SM,2023-06,1
11319,0,no,442,yes,SM,2023-11,1
68285,0,no,722,yes,SM,2021-04,1
74803,0,no,722,yes,SM,2021-09,1
72793,0,no,4451,yes,SM,2023-01,1
72732,0,no,4451,yes,SM,2023-06,1
73465,0,no,4451,yes,SM,2023-12,1
581749,0,no,44000,yes,SM,2022-12,1
8216,0,no,443,yes,SM,2022-03,1
7895,0,no,443,yes,SM,2022-08,1
56028,0,no,447,yes,SM,2022-02,1
61054,0,no,447,yes,SM,2022-08,1
520961,0,no,44Y72,yes,SM,2022-02,1
548150,0,no,44Y72,yes,SM,2022-08,1
503189,0,no,44W72,yes,SM,2023-06,1
74429,0,no,452,yes,SM,2023-02,1
74121,0,no,452,yes,SM,2023-08,1
590364,0,no,44Z72,yes,SM,2022-01,1
605046,0,no,44Z72,yes,SM,2022-07,1
360973,0,no,44W72,yes,SM,2019-01,1
358955,0,no,44W72,yes,SM,2019-02,1
362361,0,no,44W72,yes,SM,2019-03,1
363445,0,no,44W72,yes,SM,2019-04,1
366061,0,no,44W72,yes,SM,2019-05,1
368841,0,no,44W72,yes,SM,2019-06,1
371971,0,no,44W72,yes,SM,2019-07,1
372880,0,no,44W72,yes,SM,2019-08,1
372495,0,no,44W72,yes,SM,2019-09,1
373604,0,no,44W72,yes,SM,2019-10,1
374278,0,no,44W72,yes,SM,2019-11,1
376858,0,no,44W72,yes,SM,2019-12,1
30204,0,no,446,yes,SM,2021-01,1
30005,0,no,446,yes,SM,2021-02,1
32527,0,no,446,yes,SM,2021-03,1
32394,0,no,446,yes,SM,2021-04,1
31795,0,no,446,yes,SM,2021-05,1
32826,0,no,446,yes,SM,2021-06,1
32678,0,no,446,yes,SM,2021-07,1
32981,0,no,446,yes,SM,2021-08,1
32676,0,no,446,yes,SM,2021-09,1
32506,0,no,446,yes,SM,2021-10,1
32870,0,no,446,yes,SM,2021-11,1
32866,0,no,446,yes,SM,2021-12,1
456234,0,no,44Y72,yes,SM,2021-01,1
444792,0,no,44Y72,yes,SM,2021-02,1
485780,0,no,44Y72,yes,SM,2021-03,1
488795,0,no,44Y72,yes,SM,2021-04,1
485306,0,no,44Y72,yes,SM,2021-05,1
495623,0,no,44Y72,yes,SM,2021-06,1
490570,0,no,44Y72,yes,SM,2021-07,1
497954,0,no,44Y72,yes,SM,2021-08,1
500530,0,no,44Y72,yes,SM,2021-09,1
508378,0,no,44Y72,yes,SM,2021-10,1
513205,0,no,44Y72,yes,SM,2021-11,1
510926,0,no,44Y72,yes,SM,2021-12,1
12148,0,no,453,yes,SM,2021-01,1
11918,0,no,453,yes,SM,2021-02,1
13302,0,no,453,yes,SM,2021-03,1
13288,0,no,453,yes,SM,2021-04,1
12641,0,no,453,yes,SM,2021-05,1
13346,0,no,453,yes,SM,2021-06,1
13496,0,no,453,yes,SM,2021-07,1
13644,0,no,453,yes,SM,2021-08,1
13821,0,no,453,yes,SM,2021-09,1
13951,0,no,453,yes,SM,2021-10,1
14106,0,no,453,yes,SM,2021-11,1
14018,0,no,453,yes,SM,2021-12,1
90483,0,no,454,yes,SM,2021-01,1
118803,0,no,441X,yes,SM,2022-01,1
119573,0,no,441X,yes,SM,2022-02,1
118541,0,no,441X,yes,SM,2022-03,1
120719,0,no,441X,yes,SM,2022-04,1
115056,0,no,441X,yes,SM,2022-05,1
115312,0,no,441X,yes,SM,2022-06,1
113203,0,no,441X,yes,SM,2022-07,1
116544,0,no,441X,yes,SM,2022-08,1
115291,0,no,441X,yes,SM,2022-09,1
118084,0,no,441X,yes,SM,2022-10,1
115254,0,no,441X,yes,SM,2022-11,1
111653,0,no,441X,yes,SM,2022-12,1
11808,0,no,442,yes,SM,2022-01,1
11926,0,no,442,yes,SM,2022-02,1
12056,0,no,442,yes,SM,2022-03,1
12383,0,no,442,yes,SM,2022-04,1
42376,0,no,444,yes,SM,2022-01,1
42196,0,no,444,yes,SM,2022-02,1
43113,0,no,444,yes,SM,2022-03,1
42996,0,no,444,yes,SM,2022-04,1
42543,0,no,444,yes,SM,2022-05,1
42581,0,no,444,yes,SM,2022-06,1
42692,0,no,444,yes,SM,2022-07,1
43154,0,no,444,yes,SM,2022-08,1
42924,0,no,444,yes,SM,2022-09,1
43297,0,no,444,yes,SM,2022-10,1
41994,0,no,444,yes,SM,2022-11,1
42275,0,no,444,yes,SM,2022-12,1
69283,0,no,4451,yes,SM,2022-01,1
69294,0,no,4451,yes,SM,2022-02,1
70083,0,no,4451,yes,SM,2022-03,1
70380,0,no,4451,yes,SM,2022-04,1
71182,0,no,4451,yes,SM,2022-05,1
71725,0,no,4451,yes,SM,2022-06,1
71705,0,no,4451,yes,SM,2022-07,1
71934,0,no,4451,yes,SM,2022-08,1
72470,0,no,4451,yes,SM,2022-09,1
73214,0,no,4451,yes,SM,2022-10,1
73438,0,no,4451,yes,SM,2022-11,1
73347,0,no,4451,yes,SM,2022-12,1
33049,0,no,446,yes,SM,2022-01,1
32877,0,no,446,yes,SM,2022-02,1
33011,0,no,446,yes,SM,2022-03,1
33166,0,no,446,yes,SM,2022-05,1
33736,0,no,446,yes,SM,2022-06,1
33973,0,no,446,yes,SM,2022-07,1
33883,0,no,446,yes,SM,2022-08,1
34170,0,no,446,yes,SM,2022-09,1
34304,0,no,446,yes,SM,2022-11,1
33644,0,no,446,yes,SM,2022-12,1
461534,0,no,44W72,yes,SM,2022-01,1
464933,0,no,44W72,yes,SM,2022-02,1
472381,0,no,44W72,yes,SM,2022-03,1
478548,0,no,44W72,yes,SM,2022-04,1
478988,0,no,44W72,yes,SM,2022-05,1
482188,0,no,44W72,yes,SM,2022-06,1
481596,0,no,44W72,yes,SM,2022-07,1
487096,0,no,44W72,yes,SM,2022-08,1
489000,0,no,44W72,yes,SM,2022-09,1
492671,0,no,44W72,yes,SM,2022-10,1
488240,0,no,44W72,yes,SM,2022-11,1
487832,0,no,44W72,yes,SM,2022-12,1
8236,0,no,451,yes,SM,2022-01,1
8545,0,no,451,yes,SM,2022-02,1
8620,0,no,451,yes,SM,2022-03,1
8550,0,no,451,yes,SM,2022-04,1
8523,0,no,451,yes,SM,2022-05,1
8542,0,no,451,yes,SM,2022-06,1
8534,0,no,451,yes,SM,2022-07,1
8645,0,no,451,yes,SM,2022-08,1
8623,0,no,451,yes,SM,2022-09,1
8682,0,no,451,yes,SM,2022-10,1
8574,0,no,451,yes,SM,2022-11,1
8699,0,no,451,yes,SM,2022-12,1
506510,0,no,44W72,yes,SM,2023-07,1
507769,0,no,44W72,yes,SM,2023-08,1
510161,0,no,44W72,yes,SM,2023-09,1
511397,0,no,44W72,yes,SM,2023-10,1
514064,0,no,44W72,yes,SM,2023-11,1
516403,0,no,44W72,yes,SM,2023-12,1
693826,0,no,44X72,yes,SM,2023-01,1
686434,0,no,44X72,yes,SM,2023-02,1
679067,0,no,44X72,yes,SM,2023-03,1
683698,0,no,44X72,yes,SM,2023-04,1
686672,0,no,44X72,yes,SM,2023-05,1
690641,0,no,44X72,yes,SM,2023-07,1
696238,0,no,44X72,yes,SM,2023-08,1
702109,0,no,44X72,yes,SM,2023-09,1
698956,0,no,44X72,yes,SM,2023-10,1
700707,0,no,44X72,yes,SM,2023-11,1
637432,0,no,44Z72,yes,SM,2023-01,1
631201,0,no,44Z72,yes,SM,2023-02,1
624204,0,no,44Z72,yes,SM,2023-03,1
629704,0,no,44Z72,yes,SM,2023-04,1
634112,0,no,44Z72,yes,SM,2023-05,1
636630,0,no,44Z72,yes,SM,2023-06,1
638567,0,no,44Z72,yes,SM,2023-07,1
640626,0,no,44Z72,yes,SM,2023-08,1
644488,0,no,44Z72,yes,SM,2023-09,1
643249,0,no,44Z72,yes,SM,2023-10,1
647189,0,no,44Z72,yes,SM,2023-11,1
650157,0,no,44Z72,yes,SM,2023-12,1
73944,0,no,452,yes,SM,2023-10,1
73841,0,no,452,yes,SM,2023-11,1
74767,0,no,452,yes,SM,2023-12,1
11770,0,no,4521E,yes,SM,2023-01,1
11516,0,no,4521E,yes,SM,2023-02,1
11231,0,no,4521E,yes,SM,2023-03,1
11106,0,no,4521E,yes,SM,2023-05,1
10797,0,no,4521E,yes,SM,2023-06,1
10975,0,no,4521E,yes,SM,2023-07,1
11071,0,no,4521E,yes,SM,2023-08,1
11020,0,no,4521E,yes,SM,2023-09,1
10671,0,no,4521E,yes,SM,2023-11,1
10989,0,no,4521E,yes,SM,2023-12,1
108861,0,no,454,yes,SM,2023-01,1
109584,0,no,454,yes,SM,2023-02,1
108825,0,no,454,yes,SM,2023-03,1
111076,0,no,454,yes,SM,2023-04,1
112055,0,no,454,yes,SM,2023-05,1
112490,0,no,454,yes,SM,2023-06,1
115342,0,no,454,yes,SM,2023-07,1
114674,0,no,454,yes,SM,2023-08,1
116085,0,no,454,yes,SM,2023-09,1
116337,0,no,454,yes,SM,2023-10,1
117235,0,no,454,yes,SM,2023-11,1
119373,0,no,454,yes,SM,2023-12,1
90330,0,no,722,yes,SM,2023-01,1
88160,0,no,722,yes,SM,2023-02,1
88461,0,no,722,yes,SM,2023-03,1
88736,0,no,722,yes,SM,2023-04,1
89984,0,no,722,yes,SM,2023-05,1
90804,0,no,722,yes,SM,2023-06,1
91371,0,no,722,yes,SM,2023-07,1
92051,0,no,722,yes,SM,2023-08,1
92979,0,no,722,yes,SM,2023-09,1
93288,0,no,722,yes,SM,2023-10,1
94672,0,no,722,yes,SM,2023-11,1
94526,0,no,722,yes,SM,2023-12,1
415660,0,no,44000,yes,SM,2017-01,1
414869,0,no,44000,yes,SM,2017-03,1
416613,0,no,44000,yes,SM,2017-04,1
414253,0,no,44000,yes,SM,2017-05,1
416255,0,no,44000,yes,SM,2017-06,1
416403,0,no,44000,yes,SM,2017-07,1
426256,0,no,44000,yes,SM,2017-09,1
426561,0,no,44000,yes,SM,2017-10,1
431085,0,no,44000,yes,SM,2017-11,1
433299,0,no,44000,yes,SM,2017-12,1
28464,0,no,444,yes,SM,2017-01,1
28853,0,no,444,yes,SM,2017-02,1
28676,0,no,444,yes,SM,2017-03,1
29033,0,no,444,yes,SM,2017-04,1
28736,0,no,444,yes,SM,2017-05,1
28784,0,no,444,yes,SM,2017-06,1
28933,0,no,444,yes,SM,2017-07,1
28906,0,no,444,yes,SM,2017-08,1
29997,0,no,444,yes,SM,2017-09,1
30002,0,no,444,yes,SM,2017-11,1
30059,0,no,444,yes,SM,2017-12,1
99370,0,no,441,yes,SM,2017-01,1
98767,0,no,441,yes,SM,2017-02,1
96825,0,no,441,yes,SM,2017-03,1
97394,0,no,441,yes,SM,2017-04,1
97794,0,no,441,yes,SM,2017-05,1
98710,0,no,441,yes,SM,2017-06,1
98858,0,no,441,yes,SM,2017-07,1
96722,0,no,441,yes,SM,2017-08,1
100835,0,no,441,yes,SM,2017-09,1
101546,0,no,441,yes,SM,2017-10,1
100657,0,no,441,yes,SM,2017-11,1
100480,0,no,441,yes,SM,2017-12,1
59565,0,no,445,yes,SM,2017-01,1
59912,0,no,445,yes,SM,2017-02,1
60346,0,no,445,yes,SM,2017-03,1
60480,0,no,445,yes,SM,2017-04,1
60621,0,no,445,yes,SM,2017-05,1
60423,0,no,445,yes,SM,2017-06,1
60397,0,no,445,yes,SM,2017-07,1
60757,0,no,445,yes,SM,2017-08,1
61321,0,no,445,yes,SM,2017-09,1
61600,0,no,445,yes,SM,2017-10,1
61678,0,no,445,yes,SM,2017-11,1
62306,0,no,445,yes,SM,2017-12,1
22058,0,no,448,yes,SM,2017-01,1
21686,0,no,448,yes,SM,2017-02,1
21836,0,no,448,yes,SM,2017-03,1
21834,0,no,448,yes,SM,2017-04,1
21627,0,no,448,yes,SM,2017-05,1
21777,0,no,448,yes,SM,2017-06,1
21646,0,no,448,yes,SM,2017-07,1
21760,0,no,448,yes,SM,2017-08,1
21857,0,no,448,yes,SM,2017-09,1
21754,0,no,448,yes,SM,2017-10,1
22028,0,no,448,yes,SM,2017-11,1
21750,0,no,448,yes,SM,2017-12,1
433070,0,no,44Z72,yes,SM,2017-01,1
432705,0,no,44Z72,yes,SM,2017-02,1
432252,0,no,44Z72,yes,SM,2017-03,1
434210,0,no,44Z72,yes,SM,2017-04,1
433503,0,no,44Z72,yes,SM,2017-05,1
436086,0,no,44Z72,yes,SM,2017-06,1
436143,0,no,44Z72,yes,SM,2017-07,1
435824,0,no,44Z72,yes,SM,2017-08,1
443339,0,no,44Z72,yes,SM,2017-09,1
444064,0,no,44Z72,yes,SM,2017-10,1
448178,0,no,44Z72,yes,SM,2017-11,1
449903,0,no,44Z72,yes,SM,2017-12,1
7216,0,no,451,yes,SM,2017-01,1
6980,0,no,451,yes,SM,2017-03,1
7050,0,no,451,yes,SM,2017-04,1
6954,0,no,451,yes,SM,2017-05,1
6971,0,no,451,yes,SM,2017-06,1
6848,0,no,451,yes,SM,2017-07,1
6989,0,no,451,yes,SM,2017-09,1
7016,0,no,451,yes,SM,2017-10,1
7112,0,no,451,yes,SM,2017-11,1
7073,0,no,451,yes,SM,2017-12,1
57359,0,no,722,yes,SM,2017-01,1
57382,0,no,722,yes,SM,2017-02,1
57280,0,no,722,yes,SM,2017-03,1
57373,0,no,722,yes,SM,2017-04,1
57377,0,no,722,yes,SM,2017-05,1
57291,0,no,722,yes,SM,2017-06,1
57149,0,no,722,yes,SM,2017-07,1
57588,0,no,722,yes,SM,2017-08,1
57907,0,no,722,yes,SM,2017-09,1
58287,0,no,722,yes,SM,2017-10,1
58928,0,no,722,yes,SM,2017-11,1
59280,0,no,722,yes,SM,2017-12,1
7840,0,no,443,yes,SM,2018-01,1
7942,0,no,443,yes,SM,2018-02,1
7867,0,no,443,yes,SM,2018-03,1
7941,0,no,443,yes,SM,2018-04,1
7907,0,no,443,yes,SM,2018-05,1
7944,0,no,443,yes,SM,2018-06,1
7843,0,no,443,yes,SM,2018-07,1
7898,0,no,443,yes,SM,2018-08,1
7753,0,no,443,yes,SM,2018-09,1
7797,0,no,443,yes,SM,2018-10,1
7770,0,no,443,yes,SM,2018-11,1
7669,0,no,443,yes,SM,2018-12,1
91596,0,no,441X,yes,SM,2017-01,1
91088,0,no,441X,yes,SM,2017-02,1
89067,0,no,441X,yes,SM,2017-03,1
89571,0,no,441X,yes,SM,2017-04,1
90043,0,no,441X,yes,SM,2017-05,1
90996,0,no,441X,yes,SM,2017-06,1
91046,0,no,441X,yes,SM,2017-07,1
89033,0,no,441X,yes,SM,2017-08,1
92953,0,no,441X,yes,SM,2017-09,1
93807,0,no,441X,yes,SM,2017-10,1
92764,0,no,441X,yes,SM,2017-11,1
92351,0,no,441X,yes,SM,2017-12,1
53316,0,no,4451,yes,SM,2017-01,1
53687,0,no,4451,yes,SM,2017-02,1
54117,0,no,4451,yes,SM,2017-03,1
54199,0,no,4451,yes,SM,2017-04,1
54318,0,no,4451,yes,SM,2017-05,1
54152,0,no,4451,yes,SM,2017-06,1
54139,0,no,4451,yes,SM,2017-07,1
54430,0,no,4451,yes,SM,2017-08,1
55012,0,no,4451,yes,SM,2017-09,1
55200,0,no,4451,yes,SM,2017-10,1
55239,0,no,4451,yes,SM,2017-11,1
55885,0,no,4451,yes,SM,2017-12,1
26060,0,no,446,yes,SM,2017-01,1
26390,0,no,446,yes,SM,2017-02,1
333700,0,no,44W72,yes,SM,2017-01,1
333938,0,no,44W72,yes,SM,2017-02,1
335427,0,no,44W72,yes,SM,2017-03,1
336816,0,no,44W72,yes,SM,2017-04,1
335709,0,no,44W72,yes,SM,2017-05,1
337376,0,no,44W72,yes,SM,2017-06,1
337285,0,no,44W72,yes,SM,2017-07,1
339102,0,no,44W72,yes,SM,2017-08,1
342504,0,no,44W72,yes,SM,2017-09,1
342518,0,no,44W72,yes,SM,2017-10,1
347521,0,no,44W72,yes,SM,2017-11,1
349423,0,no,44W72,yes,SM,2017-12,1
472945,0,no,44X72,yes,SM,2017-02,1
472149,0,no,44X72,yes,SM,2017-03,1
473986,0,no,44X72,yes,SM,2017-04,1
471630,0,no,44X72,yes,SM,2017-05,1
473546,0,no,44X72,yes,SM,2017-06,1
474449,0,no,44X72,yes,SM,2017-08,1
484163,0,no,44X72,yes,SM,2017-09,1
484848,0,no,44X72,yes,SM,2017-10,1
490013,0,no,44X72,yes,SM,2017-11,1
492579,0,no,44X72,yes,SM,2017-12,1
57644,0,no,452,yes,SM,2017-01,1
57059,0,no,452,yes,SM,2017-02,1
57390,0,no,452,yes,SM,2017-03,1
57482,0,no,452,yes,SM,2017-04,1
56512,0,no,452,yes,SM,2017-05,1
57664,0,no,452,yes,SM,2017-06,1
57331,0,no,452,yes,SM,2017-07,1
57565,0,no,452,yes,SM,2017-08,1
58198,0,no,452,yes,SM,2017-09,1
57920,0,no,452,yes,SM,2017-10,1
58317,0,no,452,yes,SM,2017-11,1
58692,0,no,452,yes,SM,2017-12,1
431006,0,no,44000,yes,SM,2018-01,1
433647,0,no,44000,yes,SM,2018-02,1
432774,0,no,44000,yes,SM,2018-03,1
434998,0,no,44000,yes,SM,2018-04,1
440091,0,no,44000,yes,SM,2018-05,1
437762,0,no,44000,yes,SM,2018-06,1
440024,0,no,44000,yes,SM,2018-07,1
439439,0,no,44000,yes,SM,2018-08,1
438880,0,no,44000,yes,SM,2018-09,1
443924,0,no,44000,yes,SM,2018-10,1
445847,0,no,44000,yes,SM,2018-11,1
435613,0,no,44000,yes,SM,2018-12,1
28991,0,no,444,yes,SM,2018-01,1
29981,0,no,444,yes,SM,2018-02,1
29626,0,no,444,yes,SM,2018-03,1
29813,0,no,444,yes,SM,2018-04,1
30643,0,no,444,yes,SM,2018-05,1
31162,0,no,444,yes,SM,2018-06,1
31279,0,no,444,yes,SM,2018-07,1
30910,0,no,444,yes,SM,2018-08,1
31106,0,no,444,yes,SM,2018-09,1
31608,0,no,444,yes,SM,2018-10,1
30952,0,no,444,yes,SM,2018-11,1
30922,0,no,444,yes,SM,2018-12,1
42901,0,no,447,yes,SM,2018-01,1
43180,0,no,447,yes,SM,2018-02,1
42913,0,no,447,yes,SM,2018-03,1
43181,0,no,447,yes,SM,2018-04,1
44044,0,no,447,yes,SM,2018-05,1
43811,0,no,447,yes,SM,2018-06,1
43996,0,no,447,yes,SM,2018-07,1
44681,0,no,447,yes,SM,2018-08,1
44178,0,no,447,yes,SM,2018-09,1
45871,0,no,447,yes,SM,2018-10,1
43530,0,no,447,yes,SM,2018-11,1
41031,0,no,447,yes,SM,2018-12,1
390478,0,no,44Y72,yes,SM,2018-01,1
393621,0,no,44Y72,yes,SM,2018-02,1
393112,0,no,44Y72,yes,SM,2018-03,1
394497,0,no,44Y72,yes,SM,2018-04,1
400155,0,no,44Y72,yes,SM,2018-05,1
398827,0,no,44Y72,yes,SM,2018-06,1
401378,0,no,44Y72,yes,SM,2018-07,1
401912,0,no,44Y72,yes,SM,2018-08,1
405531,0,no,44Y72,yes,SM,2018-10,1
406156,0,no,44Y72,yes,SM,2018-11,1
394765,0,no,44Y72,yes,SM,2018-12,1
10861,0,no,453,yes,SM,2018-01,1
10792,0,no,453,yes,SM,2018-02,1
10608,0,no,453,yes,SM,2018-03,1
10677,0,no,453,yes,SM,2018-04,1
10854,0,no,453,yes,SM,2018-05,1
10782,0,no,453,yes,SM,2018-06,1
10422,0,no,453,yes,SM,2018-07,1
10614,0,no,453,yes,SM,2018-08,1
10631,0,no,453,yes,SM,2018-09,1
10866,0,no,453,yes,SM,2018-10,1
10863,0,no,453,yes,SM,2018-11,1
10656,0,no,453,yes,SM,2018-12,1
91481,0,no,441X,yes,SM,2019-01,1
92478,0,no,441X,yes,SM,2019-02,1
95268,0,no,441X,yes,SM,2019-03,1
93287,0,no,441X,yes,SM,2019-04,1
94885,0,no,441X,yes,SM,2019-05,1
94602,0,no,441X,yes,SM,2019-06,1
95380,0,no,441X,yes,SM,2019-07,1
97492,0,no,441X,yes,SM,2019-08,1
95207,0,no,441X,yes,SM,2019-09,1
95131,0,no,441X,yes,SM,2019-10,1
97828,0,no,441X,yes,SM,2019-11,1
95904,0,no,441X,yes,SM,2019-12,1
9501,0,no,442,yes,SM,2017-01,1
9497,0,no,442,yes,SM,2017-02,1
9557,0,no,442,yes,SM,2017-03,1
9395,0,no,442,yes,SM,2017-04,1
9490,0,no,442,yes,SM,2017-05,1
9580,0,no,442,yes,SM,2017-06,1
9520,0,no,442,yes,SM,2017-07,1
9599,0,no,442,yes,SM,2017-08,1
9534,0,no,442,yes,SM,2017-09,1
9824,0,no,442,yes,SM,2017-10,1
9937,0,no,442,yes,SM,2017-11,1
10054,0,no,442,yes,SM,2017-12,1
7682,0,no,443,yes,SM,2017-01,1
7613,0,no,443,yes,SM,2017-02,1
7796,0,no,443,yes,SM,2017-03,1
7865,0,no,443,yes,SM,2017-04,1
7739,0,no,443,yes,SM,2017-05,1
7582,0,no,443,yes,SM,2017-07,1
7576,0,no,443,yes,SM,2017-08,1
7645,0,no,443,yes,SM,2017-09,1
7695,0,no,443,yes,SM,2017-10,1
7904,0,no,443,yes,SM,2017-11,1
26545,0,no,446,yes,SM,2017-03,1
26725,0,no,446,yes,SM,2017-04,1
26823,0,no,446,yes,SM,2017-05,1
27004,0,no,446,yes,SM,2017-06,1
27101,0,no,446,yes,SM,2017-07,1
27365,0,no,446,yes,SM,2017-08,1
27427,0,no,446,yes,SM,2017-09,1
27594,0,no,446,yes,SM,2017-10,1
27746,0,no,446,yes,SM,2017-11,1
27615,0,no,446,yes,SM,2017-12,1
39949,0,no,447,yes,SM,2017-01,1
40240,0,no,447,yes,SM,2017-02,1
39897,0,no,447,yes,SM,2017-03,1
39776,0,no,447,yes,SM,2017-04,1
37460,0,no,447,yes,SM,2017-06,1
37409,0,no,447,yes,SM,2017-07,1
38625,0,no,447,yes,SM,2017-08,1
40824,0,no,447,yes,SM,2017-09,1
41835,0,no,447,yes,SM,2017-11,1
42676,0,no,447,yes,SM,2017-12,1
373649,0,no,44Y72,yes,SM,2017-01,1
374178,0,no,44Y72,yes,SM,2017-02,1
375324,0,no,44Y72,yes,SM,2017-03,1
376592,0,no,44Y72,yes,SM,2017-04,1
373836,0,no,44Y72,yes,SM,2017-05,1
374836,0,no,44Y72,yes,SM,2017-06,1
374694,0,no,44Y72,yes,SM,2017-07,1
377727,0,no,44Y72,yes,SM,2017-08,1
383328,0,no,44Y72,yes,SM,2017-09,1
383302,0,no,44Y72,yes,SM,2017-10,1
389356,0,no,44Y72,yes,SM,2017-11,1
392099,0,no,44Y72,yes,SM,2017-12,1
12631,0,no,4521E,yes,SM,2017-01,1
12419,0,no,4521E,yes,SM,2017-02,1
12419,0,no,4521E,yes,SM,2017-03,1
12399,0,no,4521E,yes,SM,2017-04,1
12258,0,no,4521E,yes,SM,2017-05,1
12289,0,no,4521E,yes,SM,2017-06,1
12122,0,no,4521E,yes,SM,2017-07,1
12068,0,no,4521E,yes,SM,2017-08,1
12096,0,no,4521E,yes,SM,2017-09,1
11997,0,no,4521E,yes,SM,2017-10,1
12083,0,no,4521E,yes,SM,2017-11,1
11912,0,no,4521E,yes,SM,2017-12,1
99948,0,no,441,yes,SM,2018-01,1
99713,0,no,441,yes,SM,2018-02,1
99910,0,no,441,yes,SM,2018-03,1
100001,0,no,441,yes,SM,2018-04,1
100775,0,no,441,yes,SM,2018-05,1
100391,0,no,441,yes,SM,2018-06,1
100877,0,no,441,yes,SM,2018-07,1
100050,0,no,441,yes,SM,2018-08,1
99414,0,no,441,yes,SM,2018-09,1
100091,0,no,441,yes,SM,2018-10,1
101122,0,no,441,yes,SM,2018-11,1
102208,0,no,441,yes,SM,2018-12,1
92157,0,no,441X,yes,SM,2018-01,1
91880,0,no,441X,yes,SM,2018-02,1
92095,0,no,441X,yes,SM,2018-03,1
92207,0,no,441X,yes,SM,2018-04,1
61792,0,no,445,yes,SM,2018-01,1
62052,0,no,445,yes,SM,2018-02,1
62229,0,no,445,yes,SM,2018-03,1
62345,0,no,445,yes,SM,2018-04,1
62439,0,no,445,yes,SM,2018-05,1
62198,0,no,445,yes,SM,2018-06,1
62598,0,no,445,yes,SM,2018-07,1
62430,0,no,445,yes,SM,2018-08,1
62775,0,no,445,yes,SM,2018-09,1
63058,0,no,445,yes,SM,2018-10,1
63222,0,no,445,yes,SM,2018-11,1
63263,0,no,445,yes,SM,2018-12,1
55555,0,no,4451,yes,SM,2018-02,1
55716,0,no,4451,yes,SM,2018-03,1
55859,0,no,4451,yes,SM,2018-04,1
55897,0,no,4451,yes,SM,2018-05,1
55696,0,no,4451,yes,SM,2018-06,1
55937,0,no,4451,yes,SM,2018-08,1
56177,0,no,4451,yes,SM,2018-09,1
56408,0,no,4451,yes,SM,2018-10,1
56569,0,no,4451,yes,SM,2018-11,1
56629,0,no,4451,yes,SM,2018-12,1
21791,0,no,448,yes,SM,2018-01,1
22343,0,no,448,yes,SM,2018-02,1
21655,0,no,448,yes,SM,2018-03,1
22038,0,no,448,yes,SM,2018-04,1
22766,0,no,448,yes,SM,2018-05,1
22192,0,no,448,yes,SM,2018-06,1
22495,0,no,448,yes,SM,2018-07,1
22061,0,no,448,yes,SM,2018-08,1
21941,0,no,448,yes,SM,2018-09,1
22407,0,no,448,yes,SM,2018-10,1
22464,0,no,448,yes,SM,2018-11,1
22109,0,no,448,yes,SM,2018-12,1
447525,0,no,44Z72,yes,SM,2018-01,1
450154,0,no,44Z72,yes,SM,2018-02,1
450109,0,no,44Z72,yes,SM,2018-03,1
451317,0,no,44Z72,yes,SM,2018-04,1
456886,0,no,44Z72,yes,SM,2018-05,1
455407,0,no,44Z72,yes,SM,2018-06,1
458259,0,no,44Z72,yes,SM,2018-07,1
457281,0,no,44Z72,yes,SM,2018-08,1
455855,0,no,44Z72,yes,SM,2018-09,1
459751,0,no,44Z72,yes,SM,2018-10,1
463748,0,no,44Z72,yes,SM,2018-11,1
455942,0,no,44Z72,yes,SM,2018-12,1
54220,0,no,454,yes,SM,2018-01,1
54421,0,no,454,yes,SM,2018-02,1
55275,0,no,454,yes,SM,2018-03,1
55928,0,no,454,yes,SM,2018-04,1
55657,0,no,454,yes,SM,2018-05,1
55803,0,no,454,yes,SM,2018-06,1
56769,0,no,454,yes,SM,2018-07,1
56962,0,no,454,yes,SM,2018-08,1
57665,0,no,454,yes,SM,2018-09,1
58016,0,no,454,yes,SM,2018-10,1
60461,0,no,454,yes,SM,2018-11,1
53907,0,no,454,yes,SM,2018-12,1
9778,0,no,442,yes,SM,2019-01,1
9804,0,no,442,yes,SM,2019-02,1
9889,0,no,442,yes,SM,2019-03,1
9958,0,no,442,yes,SM,2019-04,1
10032,0,no,442,yes,SM,2019-05,1
10098,0,no,442,yes,SM,2019-06,1
10125,0,no,442,yes,SM,2019-07,1
10093,0,no,442,yes,SM,2019-08,1
10252,0,no,442,yes,SM,2019-09,1
10132,0,no,442,yes,SM,2019-10,1
10185,0,no,442,yes,SM,2019-11,1
10239,0,no,442,yes,SM,2019-12,1
57470,0,no,4451,yes,SM,2019-01,1
56351,0,no,4451,yes,SM,2019-02,1
57446,0,no,4451,yes,SM,2019-03,1
57652,0,no,4451,yes,SM,2019-04,1
57652,0,no,4451,yes,SM,2019-05,1
57913,0,no,4451,yes,SM,2019-06,1
58604,0,no,4451,yes,SM,2019-07,1
58671,0,no,4451,yes,SM,2019-08,1
58124,0,no,4451,yes,SM,2019-09,1
57880,0,no,4451,yes,SM,2019-10,1
58049,0,no,4451,yes,SM,2019-11,1
58537,0,no,4451,yes,SM,2019-12,1
10126,0,no,453,yes,SM,2017-01,1
10295,0,no,453,yes,SM,2017-02,1
10212,0,no,453,yes,SM,2017-03,1
10255,0,no,453,yes,SM,2017-04,1
10070,0,no,453,yes,SM,2017-05,1
10050,0,no,453,yes,SM,2017-06,1
10267,0,no,453,yes,SM,2017-07,1
10218,0,no,453,yes,SM,2017-08,1
10326,0,no,453,yes,SM,2017-09,1
10346,0,no,453,yes,SM,2017-10,1
10591,0,no,453,yes,SM,2017-11,1
10671,0,no,453,yes,SM,2017-12,1
48025,0,no,454,yes,SM,2017-01,1
48178,0,no,454,yes,SM,2017-02,1
49324,0,no,454,yes,SM,2017-04,1
49760,0,no,454,yes,SM,2017-05,1
50181,0,no,454,yes,SM,2017-06,1
50511,0,no,454,yes,SM,2017-07,1
50853,0,no,454,yes,SM,2017-08,1
50938,0,no,454,yes,SM,2017-10,1
53278,0,no,454,yes,SM,2017-11,1
54125,0,no,454,yes,SM,2017-12,1
92817,0,no,441X,yes,SM,2018-05,1
92479,0,no,441X,yes,SM,2018-06,1
92897,0,no,441X,yes,SM,2018-07,1
92105,0,no,441X,yes,SM,2018-08,1
91395,0,no,441X,yes,SM,2018-09,1
92093,0,no,441X,yes,SM,2018-10,1
93151,0,no,441X,yes,SM,2018-11,1
94274,0,no,441X,yes,SM,2018-12,1
9872,0,no,442,yes,SM,2018-02,1
9875,0,no,442,yes,SM,2018-03,1
10031,0,no,442,yes,SM,2018-04,1
9925,0,no,442,yes,SM,2018-05,1
10020,0,no,442,yes,SM,2018-07,1
9878,0,no,442,yes,SM,2018-08,1
9868,0,no,442,yes,SM,2018-09,1
9915,0,no,442,yes,SM,2018-10,1
9928,0,no,442,yes,SM,2018-11,1
27484,0,no,446,yes,SM,2018-02,1
27626,0,no,446,yes,SM,2018-03,1
27909,0,no,446,yes,SM,2018-04,1
28397,0,no,446,yes,SM,2018-05,1
28105,0,no,446,yes,SM,2018-06,1
28478,0,no,446,yes,SM,2018-08,1
28379,0,no,446,yes,SM,2018-09,1
28595,0,no,446,yes,SM,2018-10,1
29102,0,no,446,yes,SM,2018-11,1
27925,0,no,446,yes,SM,2018-12,1
347577,0,no,44W72,yes,SM,2018-01,1
350441,0,no,44W72,yes,SM,2018-02,1
350199,0,no,44W72,yes,SM,2018-03,1
351316,0,no,44W72,yes,SM,2018-04,1
356111,0,no,44W72,yes,SM,2018-05,1
355016,0,no,44W72,yes,SM,2018-06,1
357382,0,no,44W72,yes,SM,2018-07,1
357231,0,no,44W72,yes,SM,2018-08,1
356441,0,no,44W72,yes,SM,2018-09,1
359660,0,no,44W72,yes,SM,2018-10,1
362626,0,no,44W72,yes,SM,2018-11,1
353734,0,no,44W72,yes,SM,2018-12,1
490426,0,no,44X72,yes,SM,2018-01,1
493334,0,no,44X72,yes,SM,2018-02,1
493022,0,no,44X72,yes,SM,2018-03,1
494498,0,no,44X72,yes,SM,2018-04,1
500930,0,no,44X72,yes,SM,2018-05,1
502255,0,no,44X72,yes,SM,2018-07,1
501962,0,no,44X72,yes,SM,2018-08,1
500033,0,no,44X72,yes,SM,2018-09,1
505622,0,no,44X72,yes,SM,2018-10,1
507278,0,no,44X72,yes,SM,2018-11,1
6793,0,no,451,yes,SM,2018-01,1
7090,0,no,451,yes,SM,2018-02,1
7157,0,no,451,yes,SM,2018-03,1
7063,0,no,451,yes,SM,2018-04,1
7060,0,no,451,yes,SM,2018-05,1
6851,0,no,451,yes,SM,2018-06,1
6544,0,no,451,yes,SM,2018-07,1
6479,0,no,451,yes,SM,2018-08,1
6384,0,no,451,yes,SM,2018-09,1
6380,0,no,451,yes,SM,2018-10,1
6428,0,no,451,yes,SM,2018-11,1
6326,0,no,451,yes,SM,2018-12,1
58405,0,no,452,yes,SM,2018-01,1
58777,0,no,452,yes,SM,2018-02,1
58033,0,no,452,yes,SM,2018-03,1
58071,0,no,452,yes,SM,2018-04,1
59624,0,no,452,yes,SM,2018-05,1
58934,0,no,452,yes,SM,2018-07,1
58998,0,no,452,yes,SM,2018-08,1
58786,0,no,452,yes,SM,2018-09,1
59320,0,no,452,yes,SM,2018-10,1
59530,0,no,452,yes,SM,2018-12,1
59420,0,no,722,yes,SM,2018-01,1
59687,0,no,722,yes,SM,2018-02,1
60248,0,no,722,yes,SM,2018-03,1
59500,0,no,722,yes,SM,2018-04,1
60839,0,no,722,yes,SM,2018-05,1
61456,0,no,722,yes,SM,2018-06,1
62231,0,no,722,yes,SM,2018-07,1
62523,0,no,722,yes,SM,2018-08,1
61153,0,no,722,yes,SM,2018-09,1
61698,0,no,722,yes,SM,2018-10,1
61431,0,no,722,yes,SM,2018-11,1
61360,0,no,722,yes,SM,2018-12,1
438860,0,no,44000,yes,SM,2019-01,1
439249,0,no,44000,yes,SM,2019-02,1
446687,0,no,44000,yes,SM,2019-03,1
446833,0,no,44000,yes,SM,2019-04,1
449524,0,no,44000,yes,SM,2019-05,1
453221,0,no,44000,yes,SM,2019-07,1
456082,0,no,44000,yes,SM,2019-08,1
452230,0,no,44000,yes,SM,2019-09,1
453365,0,no,44000,yes,SM,2019-10,1
456587,0,no,44000,yes,SM,2019-11,1
7711,0,no,443,yes,SM,2019-01,1
7615,0,no,443,yes,SM,2019-02,1
7630,0,no,443,yes,SM,2019-03,1
7467,0,no,443,yes,SM,2019-04,1
7624,0,no,443,yes,SM,2019-05,1
7570,0,no,443,yes,SM,2019-06,1
7607,0,no,443,yes,SM,2019-07,1
7560,0,no,443,yes,SM,2019-08,1
7560,0,no,443,yes,SM,2019-09,1
7500,0,no,443,yes,SM,2019-10,1
7534,0,no,443,yes,SM,2019-11,1
7584,0,no,443,yes,SM,2019-12,1
32019,0,no,444,yes,SM,2019-01,1
30501,0,no,444,yes,SM,2019-02,1
30834,0,no,444,yes,SM,2019-03,1
30855,0,no,444,yes,SM,2019-04,1
30622,0,no,444,yes,SM,2019-06,1
31137,0,no,444,yes,SM,2019-07,1
31469,0,no,444,yes,SM,2019-08,1
31151,0,no,444,yes,SM,2019-09,1
31076,0,no,444,yes,SM,2019-10,1
31527,0,no,444,yes,SM,2019-12,1
28785,0,no,446,yes,SM,2019-01,1
29126,0,no,446,yes,SM,2019-02,1
29035,0,no,446,yes,SM,2019-03,1
28936,0,no,446,yes,SM,2019-04,1
29185,0,no,446,yes,SM,2019-05,1
29029,0,no,446,yes,SM,2019-06,1
28895,0,no,446,yes,SM,2019-07,1
28902,0,no,446,yes,SM,2019-08,1
28825,0,no,446,yes,SM,2019-09,1
29107,0,no,446,yes,SM,2019-10,1
28827,0,no,446,yes,SM,2019-11,1
28517,0,no,446,yes,SM,2019-12,1
40002,0,no,447,yes,SM,2019-01,1
41491,0,no,447,yes,SM,2019-02,1
43205,0,no,447,yes,SM,2019-03,1
44734,0,no,447,yes,SM,2019-04,1
500208,0,no,44X72,yes,SM,2019-01,1
500928,0,no,44X72,yes,SM,2019-02,1
508944,0,no,44X72,yes,SM,2019-03,1
509564,0,no,44X72,yes,SM,2019-04,1
512930,0,no,44X72,yes,SM,2019-05,1
513716,0,no,44X72,yes,SM,2019-06,1
518274,0,no,44X72,yes,SM,2019-07,1
521348,0,no,44X72,yes,SM,2019-08,1
518188,0,no,44X72,yes,SM,2019-09,1
519795,0,no,44X72,yes,SM,2019-10,1
523120,0,no,44X72,yes,SM,2019-11,1
524954,0,no,44X72,yes,SM,2019-12,1
400975,0,no,44Y72,yes,SM,2019-01,1
400446,0,no,44Y72,yes,SM,2019-02,1
405566,0,no,44Y72,yes,SM,2019-03,1
408179,0,no,44Y72,yes,SM,2019-04,1
409972,0,no,44Y72,yes,SM,2019-05,1
411009,0,no,44Y72,yes,SM,2019-06,1
414802,0,no,44Y72,yes,SM,2019-07,1
415683,0,no,44Y72,yes,SM,2019-08,1
414939,0,no,44Y72,yes,SM,2019-09,1
416565,0,no,44Y72,yes,SM,2019-10,1
417162,0,no,44Y72,yes,SM,2019-11,1
421008,0,no,44Y72,yes,SM,2019-12,1
460206,0,no,44Z72,yes,SM,2019-01,1
459437,0,no,44Z72,yes,SM,2019-02,1
465739,0,no,44Z72,yes,SM,2019-03,1
464830,0,no,44Z72,yes,SM,2019-04,1
471548,0,no,44Z72,yes,SM,2019-06,1
475443,0,no,44Z72,yes,SM,2019-07,1
478545,0,no,44Z72,yes,SM,2019-08,1
475744,0,no,44Z72,yes,SM,2019-09,1
476834,0,no,44Z72,yes,SM,2019-10,1
480804,0,no,44Z72,yes,SM,2019-12,1
59416,0,no,452,yes,SM,2019-01,1
58865,0,no,452,yes,SM,2019-02,1
59647,0,no,452,yes,SM,2019-03,1
59513,0,no,452,yes,SM,2019-04,1
59340,0,no,452,yes,SM,2019-05,1
59471,0,no,452,yes,SM,2019-06,1
60189,0,no,452,yes,SM,2019-07,1
59883,0,no,452,yes,SM,2019-08,1
59355,0,no,452,yes,SM,2019-09,1
59726,0,no,452,yes,SM,2019-10,1
60360,0,no,452,yes,SM,2019-11,1
60287,0,no,452,yes,SM,2019-12,1
61348,0,no,722,yes,SM,2019-01,1
61679,0,no,722,yes,SM,2019-02,1
62257,0,no,722,yes,SM,2019-03,1
62731,0,no,722,yes,SM,2019-04,1
63406,0,no,722,yes,SM,2019-05,1
64307,0,no,722,yes,SM,2019-06,1
65053,0,no,722,yes,SM,2019-07,1
65266,0,no,722,yes,SM,2019-08,1
65958,0,no,722,yes,SM,2019-09,1
66430,0,no,722,yes,SM,2019-10,1
66533,0,no,722,yes,SM,2019-11,1
67701,0,no,722,yes,SM,2019-12,1
10405,0,no,442,yes,SM,2020-01,1
10239,0,no,442,yes,SM,2020-02,1
7977,0,no,442,yes,SM,2020-03,1
7159,0,no,442,yes,SM,2020-05,1
9917,0,no,442,yes,SM,2020-06,1
10230,0,no,442,yes,SM,2020-07,1
10736,0,no,442,yes,SM,2020-08,1
10666,0,no,442,yes,SM,2020-10,1
10452,0,no,442,yes,SM,2020-11,1
10657,0,no,442,yes,SM,2020-12,1
12102,0,no,4521E,yes,SM,2018-01,1
11433,0,no,4521E,yes,SM,2018-03,1
12202,0,no,4521E,yes,SM,2018-04,1
12313,0,no,4521E,yes,SM,2018-05,1
11797,0,no,4521E,yes,SM,2018-06,1
11863,0,no,4521E,yes,SM,2018-07,1
11596,0,no,4521E,yes,SM,2018-09,1
11729,0,no,4521E,yes,SM,2018-10,1
11873,0,no,4521E,yes,SM,2018-11,1
11494,0,no,4521E,yes,SM,2018-12,1
99233,0,no,441,yes,SM,2019-01,1
100482,0,no,441,yes,SM,2019-02,1
103378,0,no,441,yes,SM,2019-03,1
101385,0,no,441,yes,SM,2019-04,1
102958,0,no,441,yes,SM,2019-05,1
103472,0,no,441,yes,SM,2019-07,1
105665,0,no,441,yes,SM,2019-08,1
103249,0,no,441,yes,SM,2019-09,1
103230,0,no,441,yes,SM,2019-10,1
103946,0,no,441,yes,SM,2019-12,1
64131,0,no,445,yes,SM,2019-01,1
62976,0,no,445,yes,SM,2019-02,1
64087,0,no,445,yes,SM,2019-03,1
64304,0,no,445,yes,SM,2019-04,1
64292,0,no,445,yes,SM,2019-05,1
64586,0,no,445,yes,SM,2019-06,1
65380,0,no,445,yes,SM,2019-07,1
65444,0,no,445,yes,SM,2019-08,1
64643,0,no,445,yes,SM,2019-10,1
64816,0,no,445,yes,SM,2019-11,1
65335,0,no,445,yes,SM,2019-12,1
43911,0,no,447,yes,SM,2019-05,1
42168,0,no,447,yes,SM,2019-06,1
42831,0,no,447,yes,SM,2019-07,1
42803,0,no,447,yes,SM,2019-08,1
42444,0,no,447,yes,SM,2019-09,1
42961,0,no,447,yes,SM,2019-10,1
42884,0,no,447,yes,SM,2019-11,1
44150,0,no,447,yes,SM,2019-12,1
21976,0,no,448,yes,SM,2019-01,1
22033,0,no,448,yes,SM,2019-02,1
22357,0,no,448,yes,SM,2019-03,1
22306,0,no,448,yes,SM,2019-04,1
22119,0,no,448,yes,SM,2019-06,1
22450,0,no,448,yes,SM,2019-07,1
22412,0,no,448,yes,SM,2019-08,1
22216,0,no,448,yes,SM,2019-09,1
22283,0,no,448,yes,SM,2019-10,1
23116,0,no,448,yes,SM,2019-12,1
6431,0,no,451,yes,SM,2019-01,1
6500,0,no,451,yes,SM,2019-02,1
6541,0,no,451,yes,SM,2019-03,1
6659,0,no,451,yes,SM,2019-04,1
6684,0,no,451,yes,SM,2019-05,1
6739,0,no,451,yes,SM,2019-06,1
6617,0,no,451,yes,SM,2019-07,1
6684,0,no,451,yes,SM,2019-08,1
6661,0,no,451,yes,SM,2019-09,1
6713,0,no,451,yes,SM,2019-10,1
6473,0,no,451,yes,SM,2019-11,1
11428,0,no,4521E,yes,SM,2019-01,1
11438,0,no,4521E,yes,SM,2019-02,1
11362,0,no,4521E,yes,SM,2019-03,1
11357,0,no,4521E,yes,SM,2019-04,1
11338,0,no,4521E,yes,SM,2019-05,1
11185,0,no,4521E,yes,SM,2019-06,1
11479,0,no,4521E,yes,SM,2019-07,1
11319,0,no,4521E,yes,SM,2019-08,1
10949,0,no,4521E,yes,SM,2019-09,1
10947,0,no,4521E,yes,SM,2019-10,1
11139,0,no,4521E,yes,SM,2019-11,1
10952,0,no,4521E,yes,SM,2019-12,1
10429,0,no,453,yes,SM,2019-01,1
10563,0,no,453,yes,SM,2019-02,1
10700,0,no,453,yes,SM,2019-03,1
10895,0,no,453,yes,SM,2019-04,1
11062,0,no,453,yes,SM,2019-06,1
10939,0,no,453,yes,SM,2019-07,1
11150,0,no,453,yes,SM,2019-08,1
11065,0,no,453,yes,SM,2019-09,1
11232,0,no,453,yes,SM,2019-10,1
456420,0,no,44000,yes,SM,2020-01,1
456401,0,no,44000,yes,SM,2020-02,1
429196,0,no,44000,yes,SM,2020-03,1
376918,0,no,44000,yes,SM,2020-04,1
443726,0,no,44000,yes,SM,2020-05,1
473811,0,no,44000,yes,SM,2020-06,1
480116,0,no,44000,yes,SM,2020-07,1
482243,0,no,44000,yes,SM,2020-08,1
491386,0,no,44000,yes,SM,2020-09,1
489705,0,no,44000,yes,SM,2020-10,1
487287,0,no,44000,yes,SM,2020-11,1
495533,0,no,44000,yes,SM,2020-12,1
7429,0,no,443,yes,SM,2020-01,1
7327,0,no,443,yes,SM,2020-02,1
6005,0,no,443,yes,SM,2020-03,1
3364,0,no,443,yes,SM,2020-04,1
4137,0,no,443,yes,SM,2020-05,1
5834,0,no,443,yes,SM,2020-06,1
6652,0,no,443,yes,SM,2020-07,1
6754,0,no,443,yes,SM,2020-08,1
6565,0,no,443,yes,SM,2020-09,1
6998,0,no,443,yes,SM,2020-10,1
6730,0,no,443,yes,SM,2020-11,1
6471,0,no,443,yes,SM,2020-12,1
64626,0,no,445,yes,SM,2020-01,1
64741,0,no,445,yes,SM,2020-02,1
81748,0,no,445,yes,SM,2020-03,1
70991,0,no,445,yes,SM,2020-04,1
72203,0,no,445,yes,SM,2020-05,1
70807,0,no,445,yes,SM,2020-06,1
71251,0,no,445,yes,SM,2020-07,1
70182,0,no,445,yes,SM,2020-08,1
70133,0,no,445,yes,SM,2020-09,1
69628,0,no,445,yes,SM,2020-10,1
70535,0,no,445,yes,SM,2020-11,1
70450,0,no,445,yes,SM,2020-12,1
57885,0,no,4451,yes,SM,2020-01,1
57922,0,no,4451,yes,SM,2020-02,1
64097,0,no,4451,yes,SM,2020-04,1
64573,0,no,4451,yes,SM,2020-05,1
63140,0,no,4451,yes,SM,2020-06,1
63546,0,no,4451,yes,SM,2020-07,1
62387,0,no,4451,yes,SM,2020-08,1
61887,0,no,4451,yes,SM,2020-10,1
62798,0,no,4451,yes,SM,2020-11,1
62749,0,no,4451,yes,SM,2020-12,1
22854,0,no,448,yes,SM,2020-01,1
22679,0,no,448,yes,SM,2020-02,1
11435,0,no,448,yes,SM,2020-03,1
2885,0,no,448,yes,SM,2020-04,1
8345,0,no,448,yes,SM,2020-05,1
17254,0,no,448,yes,SM,2020-06,1
17984,0,no,448,yes,SM,2020-07,1
18300,0,no,448,yes,SM,2020-08,1
20719,0,no,448,yes,SM,2020-09,1
20229,0,no,448,yes,SM,2020-10,1
19275,0,no,448,yes,SM,2020-11,1
20072,0,no,448,yes,SM,2020-12,1
379692,0,no,44W72,yes,SM,2020-01,1
380935,0,no,44W72,yes,SM,2020-02,1
482009,0,no,44Z72,yes,SM,2020-01,1
483899,0,no,44Z72,yes,SM,2020-02,1
442652,0,no,44Z72,yes,SM,2020-03,1
381236,0,no,44Z72,yes,SM,2020-04,1
454933,0,no,44Z72,yes,SM,2020-05,1
493104,0,no,44Z72,yes,SM,2020-06,1
500173,0,no,44Z72,yes,SM,2020-07,1
504095,0,no,44Z72,yes,SM,2020-08,1
514547,0,no,44Z72,yes,SM,2020-09,1
512761,0,no,44Z72,yes,SM,2020-10,1
508888,0,no,44Z72,yes,SM,2020-11,1
510421,0,no,44Z72,yes,SM,2020-12,1
11531,0,no,453,yes,SM,2020-01,1
11483,0,no,453,yes,SM,2020-02,1
9686,0,no,453,yes,SM,2020-03,1
7037,0,no,453,yes,SM,2020-04,1
8698,0,no,453,yes,SM,2020-05,1
10633,0,no,453,yes,SM,2020-06,1
11174,0,no,453,yes,SM,2020-07,1
11425,0,no,453,yes,SM,2020-08,1
11466,0,no,453,yes,SM,2020-09,1
11542,0,no,453,yes,SM,2020-10,1
11625,0,no,453,yes,SM,2020-11,1
12255,0,no,453,yes,SM,2020-12,1
542140,0,no,44000,yes,SM,2021-08,1
545726,0,no,44000,yes,SM,2021-09,1
555517,0,no,44000,yes,SM,2021-10,1
562175,0,no,44000,yes,SM,2021-11,1
558148,0,no,44000,yes,SM,2021-12,1
114276,0,no,441,yes,SM,2021-01,1
130568,0,no,441,yes,SM,2021-03,1
133910,0,no,441,yes,SM,2021-04,1
130237,0,no,441,yes,SM,2021-05,1
126502,0,no,441,yes,SM,2021-06,1
122077,0,no,441,yes,SM,2021-07,1
119999,0,no,441,yes,SM,2021-09,1
122184,0,no,441,yes,SM,2021-10,1
124570,0,no,441,yes,SM,2021-11,1
121589,0,no,441,yes,SM,2021-12,1
11242,0,no,453,yes,SM,2019-12,1
58949,0,no,454,yes,SM,2019-01,1
59384,0,no,454,yes,SM,2019-03,1
59821,0,no,454,yes,SM,2019-04,1
61732,0,no,454,yes,SM,2019-05,1
63238,0,no,454,yes,SM,2019-06,1
63579,0,no,454,yes,SM,2019-07,1
64585,0,no,454,yes,SM,2019-09,1
64762,0,no,454,yes,SM,2019-10,1
64723,0,no,454,yes,SM,2019-11,1
64626,0,no,454,yes,SM,2019-12,1
102317,0,no,441,yes,SM,2020-01,1
102964,0,no,441,yes,SM,2020-02,1
75948,0,no,441,yes,SM,2020-03,1
65463,0,no,441,yes,SM,2020-04,1
98394,0,no,441,yes,SM,2020-05,1
106827,0,no,441,yes,SM,2020-06,1
106502,0,no,441,yes,SM,2020-07,1
107210,0,no,441,yes,SM,2020-08,1
110872,0,no,441,yes,SM,2020-09,1
110277,0,no,441,yes,SM,2020-10,1
109215,0,no,441,yes,SM,2020-11,1
111339,0,no,441,yes,SM,2020-12,1
94327,0,no,441X,yes,SM,2020-01,1
95047,0,no,441X,yes,SM,2020-02,1
68873,0,no,441X,yes,SM,2020-03,1
58737,0,no,441X,yes,SM,2020-04,1
90080,0,no,441X,yes,SM,2020-05,1
97797,0,no,441X,yes,SM,2020-07,1
98517,0,no,441X,yes,SM,2020-08,1
102320,0,no,441X,yes,SM,2020-09,1
102032,0,no,441X,yes,SM,2020-10,1
100958,0,no,441X,yes,SM,2020-11,1
32015,0,no,444,yes,SM,2020-01,1
32081,0,no,444,yes,SM,2020-02,1
31953,0,no,444,yes,SM,2020-03,1
31734,0,no,444,yes,SM,2020-04,1
36132,0,no,444,yes,SM,2020-05,1
36468,0,no,444,yes,SM,2020-06,1
35941,0,no,444,yes,SM,2020-07,1
36389,0,no,444,yes,SM,2020-08,1
36819,0,no,444,yes,SM,2020-09,1
36278,0,no,444,yes,SM,2020-10,1
36532,0,no,444,yes,SM,2020-11,1
36471,0,no,444,yes,SM,2020-12,1
29318,0,no,446,yes,SM,2020-01,1
29680,0,no,446,yes,SM,2020-02,1
31032,0,no,446,yes,SM,2020-03,1
26361,0,no,446,yes,SM,2020-04,1
26900,0,no,446,yes,SM,2020-05,1
28822,0,no,446,yes,SM,2020-06,1
30474,0,no,446,yes,SM,2020-07,1
30019,0,no,446,yes,SM,2020-08,1
30429,0,no,446,yes,SM,2020-09,1
30384,0,no,446,yes,SM,2020-10,1
30157,0,no,446,yes,SM,2020-12,1
366704,0,no,44W72,yes,SM,2020-03,1
315773,0,no,44W72,yes,SM,2020-04,1
356539,0,no,44W72,yes,SM,2020-05,1
386277,0,no,44W72,yes,SM,2020-06,1
393671,0,no,44W72,yes,SM,2020-07,1
396885,0,no,44W72,yes,SM,2020-08,1
403675,0,no,44W72,yes,SM,2020-09,1
402484,0,no,44W72,yes,SM,2020-10,1
399673,0,no,44W72,yes,SM,2020-11,1
399082,0,no,44W72,yes,SM,2020-12,1
525380,0,no,44X72,yes,SM,2020-02,1
477676,0,no,44X72,yes,SM,2020-03,1
408312,0,no,44X72,yes,SM,2020-04,1
484978,0,no,44X72,yes,SM,2020-05,1
526970,0,no,44X72,yes,SM,2020-06,1
540423,0,no,44X72,yes,SM,2020-08,1
551131,0,no,44X72,yes,SM,2020-09,1
549271,0,no,44X72,yes,SM,2020-10,1
544421,0,no,44X72,yes,SM,2020-11,1
549300,0,no,44X72,yes,SM,2020-12,1
6705,0,no,451,yes,SM,2020-01,1
6682,0,no,451,yes,SM,2020-02,1
5508,0,no,451,yes,SM,2020-03,1
3683,0,no,451,yes,SM,2020-04,1
6432,0,no,451,yes,SM,2020-05,1
8113,0,no,451,yes,SM,2020-06,1
7851,0,no,451,yes,SM,2020-07,1
7319,0,no,451,yes,SM,2020-08,1
7790,0,no,451,yes,SM,2020-09,1
7686,0,no,451,yes,SM,2020-10,1
7590,0,no,451,yes,SM,2020-11,1
7635,0,no,451,yes,SM,2020-12,1
60539,0,no,452,yes,SM,2020-01,1
60821,0,no,452,yes,SM,2020-02,1
55973,0,no,452,yes,SM,2020-04,1
65279,0,no,454,yes,SM,2020-01,1
66223,0,no,454,yes,SM,2020-02,1
70307,0,no,454,yes,SM,2020-03,1
78380,0,no,454,yes,SM,2020-04,1
84367,0,no,454,yes,SM,2020-05,1
83680,0,no,454,yes,SM,2020-06,1
85221,0,no,454,yes,SM,2020-07,1
87449,0,no,454,yes,SM,2020-08,1
87335,0,no,454,yes,SM,2020-09,1
88301,0,no,454,yes,SM,2020-10,1
89028,0,no,454,yes,SM,2020-11,1
90106,0,no,454,yes,SM,2020-12,1
105691,0,no,441X,yes,SM,2021-01,1
102239,0,no,441X,yes,SM,2021-02,1
120865,0,no,441X,yes,SM,2021-03,1
124254,0,no,441X,yes,SM,2021-04,1
120892,0,no,441X,yes,SM,2021-05,1
117122,0,no,441X,yes,SM,2021-06,1
112620,0,no,441X,yes,SM,2021-07,1
109445,0,no,441X,yes,SM,2021-08,1
110549,0,no,441X,yes,SM,2021-09,1
112526,0,no,441X,yes,SM,2021-10,1
114854,0,no,441X,yes,SM,2021-11,1
111514,0,no,441X,yes,SM,2021-12,1
7286,0,no,443,yes,SM,2021-01,1
6982,0,no,443,yes,SM,2021-02,1
8190,0,no,443,yes,SM,2021-03,1
8255,0,no,443,yes,SM,2021-04,1
8088,0,no,443,yes,SM,2021-05,1
8410,0,no,443,yes,SM,2021-06,1
8270,0,no,443,yes,SM,2021-07,1
7962,0,no,443,yes,SM,2021-08,1
7854,0,no,443,yes,SM,2021-09,1
8349,0,no,443,yes,SM,2021-10,1
7458,0,no,443,yes,SM,2021-11,1
7410,0,no,443,yes,SM,2021-12,1
38691,0,no,444,yes,SM,2021-01,1
36956,0,no,444,yes,SM,2021-02,1
42189,0,no,444,yes,SM,2021-04,1
40385,0,no,444,yes,SM,2021-05,1
39911,0,no,444,yes,SM,2021-06,1
39109,0,no,444,yes,SM,2021-07,1
39041,0,no,444,yes,SM,2021-08,1
40011,0,no,444,yes,SM,2021-10,1
41147,0,no,444,yes,SM,2021-11,1
41298,0,no,444,yes,SM,2021-12,1
40944,0,no,447,yes,SM,2021-01,1
41744,0,no,447,yes,SM,2021-02,1
46437,0,no,447,yes,SM,2021-03,1
45214,0,no,447,yes,SM,2021-04,1
45585,0,no,447,yes,SM,2021-05,1
46655,0,no,447,yes,SM,2021-06,1
47502,0,no,447,yes,SM,2021-07,1
48620,0,no,447,yes,SM,2021-08,1
50151,0,no,447,yes,SM,2021-09,1
51883,0,no,447,yes,SM,2021-10,1
52934,0,no,447,yes,SM,2021-11,1
54338,0,no,447,yes,SM,2021-12,1
19869,0,no,448,yes,SM,2021-02,1
24261,0,no,448,yes,SM,2021-03,1
24274,0,no,448,yes,SM,2021-04,1
24875,0,no,448,yes,SM,2021-05,1
25868,0,no,448,yes,SM,2021-06,1
24677,0,no,448,yes,SM,2021-08,1
25076,0,no,448,yes,SM,2021-09,1
25248,0,no,448,yes,SM,2021-10,1
25824,0,no,448,yes,SM,2021-11,1
529566,0,no,44Z72,yes,SM,2021-01,1
513745,0,no,44Z72,yes,SM,2021-02,1
569911,0,no,44Z72,yes,SM,2021-03,1
577491,0,no,44Z72,yes,SM,2021-04,1
569958,0,no,44Z72,yes,SM,2021-05,1
575470,0,no,44Z72,yes,SM,2021-06,1
565145,0,no,44Z72,yes,SM,2021-07,1
568272,0,no,44Z72,yes,SM,2021-08,1
570378,0,no,44Z72,yes,SM,2021-09,1
578679,0,no,44Z72,yes,SM,2021-10,1
584841,0,no,44Z72,yes,SM,2021-11,1
578177,0,no,44Z72,yes,SM,2021-12,1
8436,0,no,451,yes,SM,2021-01,1
7602,0,no,451,yes,SM,2021-02,1
9013,0,no,451,yes,SM,2021-04,1
8732,0,no,451,yes,SM,2021-05,1
8656,0,no,451,yes,SM,2021-06,1
8434,0,no,451,yes,SM,2021-07,1
8451,0,no,451,yes,SM,2021-08,1
8414,0,no,451,yes,SM,2021-10,1
8666,0,no,451,yes,SM,2021-11,1
8424,0,no,451,yes,SM,2021-12,1
68679,0,no,452,yes,SM,2022-01,1
69414,0,no,452,yes,SM,2022-02,1
70000,0,no,452,yes,SM,2022-03,1
71187,0,no,452,yes,SM,2022-04,1
71773,0,no,452,yes,SM,2022-05,1
72751,0,no,452,yes,SM,2022-06,1
71997,0,no,452,yes,SM,2022-07,1
72566,0,no,452,yes,SM,2022-08,1
73296,0,no,452,yes,SM,2022-09,1
73268,0,no,452,yes,SM,2022-10,1
73388,0,no,452,yes,SM,2022-11,1
73022,0,no,452,yes,SM,2022-12,1
11170,0,no,4521E,yes,SM,2022-01,1
11269,0,no,4521E,yes,SM,2022-02,1
11378,0,no,4521E,yes,SM,2022-03,1
11495,0,no,4521E,yes,SM,2022-04,1
11492,0,no,4521E,yes,SM,2022-05,1
11400,0,no,4521E,yes,SM,2022-06,1
11305,0,no,4521E,yes,SM,2022-07,1
11402,0,no,4521E,yes,SM,2022-08,1
11566,0,no,4521E,yes,SM,2022-09,1
11395,0,no,4521E,yes,SM,2022-10,1
11193,0,no,4521E,yes,SM,2022-11,1
11233,0,no,4521E,yes,SM,2022-12,1
13919,0,no,453,yes,SM,2022-01,1
14057,0,no,453,yes,SM,2022-02,1
14476,0,no,453,yes,SM,2022-04,1
14346,0,no,453,yes,SM,2022-05,1
14609,0,no,453,yes,SM,2022-06,1
14382,0,no,453,yes,SM,2022-07,1
14705,0,no,453,yes,SM,2022-08,1
14236,0,no,453,yes,SM,2022-10,1
13852,0,no,453,yes,SM,2022-11,1
13846,0,no,453,yes,SM,2022-12,1
43402,0,no,447,yes,SM,2020-01,1
41481,0,no,447,yes,SM,2020-02,1
35024,0,no,447,yes,SM,2020-03,1
27076,0,no,447,yes,SM,2020-04,1
30045,0,no,447,yes,SM,2020-05,1
33866,0,no,447,yes,SM,2020-06,1
35471,0,no,447,yes,SM,2020-07,1
36328,0,no,447,yes,SM,2020-08,1
36584,0,no,447,yes,SM,2020-09,1
36510,0,no,447,yes,SM,2020-10,1
35533,0,no,447,yes,SM,2020-11,1
38879,0,no,447,yes,SM,2020-12,1
423094,0,no,44Y72,yes,SM,2020-01,1
422416,0,no,44Y72,yes,SM,2020-02,1
401728,0,no,44Y72,yes,SM,2020-03,1
342849,0,no,44Y72,yes,SM,2020-04,1
386584,0,no,44Y72,yes,SM,2020-05,1
420143,0,no,44Y72,yes,SM,2020-06,1
429142,0,no,44Y72,yes,SM,2020-07,1
433213,0,no,44Y72,yes,SM,2020-08,1
440259,0,no,44Y72,yes,SM,2020-09,1
435206,0,no,44Y72,yes,SM,2020-11,1
437961,0,no,44Y72,yes,SM,2020-12,1
60914,0,no,452,yes,SM,2020-05,1
61590,0,no,452,yes,SM,2020-06,1
61365,0,no,452,yes,SM,2020-07,1
60132,0,no,452,yes,SM,2020-08,1
61876,0,no,452,yes,SM,2020-09,1
61206,0,no,452,yes,SM,2020-10,1
60817,0,no,452,yes,SM,2020-11,1
61041,0,no,452,yes,SM,2020-12,1
10817,0,no,4521E,yes,SM,2020-02,1
8811,0,no,4521E,yes,SM,2020-03,1
6206,0,no,4521E,yes,SM,2020-04,1
8700,0,no,4521E,yes,SM,2020-05,1
9514,0,no,4521E,yes,SM,2020-06,1
9379,0,no,4521E,yes,SM,2020-08,1
10258,0,no,4521E,yes,SM,2020-09,1
9856,0,no,4521E,yes,SM,2020-10,1
9636,0,no,4521E,yes,SM,2020-11,1
68991,0,no,722,yes,SM,2020-01,1
68979,0,no,722,yes,SM,2020-02,1
48480,0,no,722,yes,SM,2020-03,1
31394,0,no,722,yes,SM,2020-04,1
41252,0,no,722,yes,SM,2020-05,1
53159,0,no,722,yes,SM,2020-06,1
55528,0,no,722,yes,SM,2020-07,1
58180,0,no,722,yes,SM,2020-08,1
59745,0,no,722,yes,SM,2020-09,1
59566,0,no,722,yes,SM,2020-10,1
57134,0,no,722,yes,SM,2020-11,1
53767,0,no,722,yes,SM,2020-12,1
511693,0,no,44000,yes,SM,2021-01,1
498200,0,no,44000,yes,SM,2021-02,1
550963,0,no,44000,yes,SM,2021-03,1
554420,0,no,44000,yes,SM,2021-04,1
545289,0,no,44000,yes,SM,2021-05,1
537817,0,no,44000,yes,SM,2021-07,1
11790,0,no,442,yes,SM,2021-01,1
11152,0,no,442,yes,SM,2021-02,1
11949,0,no,442,yes,SM,2021-03,1
12005,0,no,442,yes,SM,2021-04,1
11822,0,no,442,yes,SM,2021-05,1
11706,0,no,442,yes,SM,2021-06,1
11775,0,no,442,yes,SM,2021-07,1
11738,0,no,442,yes,SM,2021-08,1
11763,0,no,442,yes,SM,2021-09,1
11996,0,no,442,yes,SM,2021-10,1
11920,0,no,442,yes,SM,2021-11,1
11509,0,no,442,yes,SM,2021-12,1
71487,0,no,445,yes,SM,2021-01,1
72199,0,no,445,yes,SM,2021-03,1
72826,0,no,445,yes,SM,2021-04,1
73368,0,no,445,yes,SM,2021-05,1
74046,0,no,445,yes,SM,2021-06,1
73879,0,no,445,yes,SM,2021-07,1
75819,0,no,445,yes,SM,2021-09,1
76140,0,no,445,yes,SM,2021-10,1
76378,0,no,445,yes,SM,2021-11,1
76948,0,no,445,yes,SM,2021-12,1
415290,0,no,44W72,yes,SM,2021-01,1
403048,0,no,44W72,yes,SM,2021-02,1
439343,0,no,44W72,yes,SM,2021-03,1
443581,0,no,44W72,yes,SM,2021-04,1
439721,0,no,44W72,yes,SM,2021-05,1
448968,0,no,44W72,yes,SM,2021-06,1
449334,0,no,44W72,yes,SM,2021-08,1
450379,0,no,44W72,yes,SM,2021-09,1
456495,0,no,44W72,yes,SM,2021-10,1
460271,0,no,44W72,yes,SM,2021-11,1
456588,0,no,44W72,yes,SM,2021-12,1
65060,0,no,452,yes,SM,2021-01,1
61821,0,no,452,yes,SM,2021-02,1
66483,0,no,452,yes,SM,2021-03,1
67371,0,no,452,yes,SM,2021-04,1
66479,0,no,452,yes,SM,2021-05,1
66217,0,no,452,yes,SM,2021-07,1
66738,0,no,452,yes,SM,2021-08,1
66875,0,no,452,yes,SM,2021-09,1
67801,0,no,452,yes,SM,2021-10,1
67820,0,no,452,yes,SM,2021-11,1
101825,0,no,454,yes,SM,2022-01,1
100238,0,no,454,yes,SM,2022-02,1
101659,0,no,454,yes,SM,2022-04,1
101939,0,no,454,yes,SM,2022-05,1
102301,0,no,454,yes,SM,2022-06,1
103264,0,no,454,yes,SM,2022-07,1
104535,0,no,454,yes,SM,2022-08,1
105990,0,no,454,yes,SM,2022-10,1
104600,0,no,454,yes,SM,2022-11,1
106279,0,no,454,yes,SM,2022-12,1
72709,0,no,722,yes,SM,2022-01,1
75913,0,no,722,yes,SM,2022-02,1
78255,0,no,722,yes,SM,2022-03,1
81104,0,no,722,yes,SM,2022-04,1
81758,0,no,722,yes,SM,2022-05,1
82342,0,no,722,yes,SM,2022-06,1
82028,0,no,722,yes,SM,2022-07,1
84120,0,no,722,yes,SM,2022-08,1
84418,0,no,722,yes,SM,2022-09,1
85909,0,no,722,yes,SM,2022-10,1
85365,0,no,722,yes,SM,2022-11,1
84985,0,no,722,yes,SM,2022-12,1
603496,0,no,44000,yes,SM,2023-01,1
598274,0,no,44000,yes,SM,2023-02,1
590606,0,no,44000,yes,SM,2023-03,1
594962,0,no,44000,yes,SM,2023-04,1
596688,0,no,44000,yes,SM,2023-05,1
598006,0,no,44000,yes,SM,2023-06,1
599270,0,no,44000,yes,SM,2023-07,1
604187,0,no,44000,yes,SM,2023-08,1
609130,0,no,44000,yes,SM,2023-09,1
605668,0,no,44000,yes,SM,2023-10,1
606035,0,no,44000,yes,SM,2023-11,1
608730,0,no,44000,yes,SM,2023-12,1
133781,0,no,441,yes,SM,2023-01,1
130506,0,no,441,yes,SM,2023-02,1
129160,0,no,441,yes,SM,2023-03,1
130983,0,no,441,yes,SM,2023-04,1
131953,0,no,441,yes,SM,2023-05,1
133441,0,no,441,yes,SM,2023-06,1
132057,0,no,441,yes,SM,2023-07,1
132857,0,no,441,yes,SM,2023-08,1
134327,0,no,441,yes,SM,2023-09,1
131852,0,no,441,yes,SM,2023-10,1
133125,0,no,441,yes,SM,2023-11,1
133754,0,no,441,yes,SM,2023-12,1
123039,0,no,441X,yes,SM,2023-01,1
118674,0,no,441X,yes,SM,2023-03,1
120004,0,no,441X,yes,SM,2023-04,1
120870,0,no,441X,yes,SM,2023-05,1
122210,0,no,441X,yes,SM,2023-06,1
120738,0,no,441X,yes,SM,2023-07,1
123017,0,no,441X,yes,SM,2023-09,1
120406,0,no,441X,yes,SM,2023-10,1
121754,0,no,441X,yes,SM,2023-11,1
122394,0,no,441X,yes,SM,2023-12,1
12964,0,no,442,yes,SM,2023-01,1
12159,0,no,442,yes,SM,2023-02,1
11835,0,no,442,yes,SM,2023-03,1
11553,0,no,442,yes,SM,2023-04,1
11446,0,no,442,yes,SM,2023-05,1
11351,0,no,442,yes,SM,2023-07,1
11264,0,no,442,yes,SM,2023-08,1
11226,0,no,442,yes,SM,2023-09,1
11015,0,no,442,yes,SM,2023-10,1
11198,0,no,442,yes,SM,2023-12,1
8032,0,no,443,yes,SM,2023-01,1
7723,0,no,443,yes,SM,2023-02,1
7788,0,no,443,yes,SM,2023-03,1
7622,0,no,443,yes,SM,2023-04,1
7711,0,no,443,yes,SM,2023-05,1
7771,0,no,443,yes,SM,2023-06,1
7576,0,no,443,yes,SM,2023-07,1
7647,0,no,443,yes,SM,2023-08,1
7798,0,no,443,yes,SM,2023-09,1
7767,0,no,443,yes,SM,2023-10,1
7508,0,no,443,yes,SM,2023-11,1
7363,0,no,443,yes,SM,2023-12,1
87714,0,no,454,yes,SM,2021-02,1
93564,0,no,454,yes,SM,2021-03,1
93681,0,no,454,yes,SM,2021-04,1
91282,0,no,454,yes,SM,2021-05,1
94583,0,no,454,yes,SM,2021-06,1
89228,0,no,454,yes,SM,2021-07,1
93745,0,no,454,yes,SM,2021-08,1
93979,0,no,454,yes,SM,2021-09,1
97034,0,no,454,yes,SM,2021-10,1
98482,0,no,454,yes,SM,2021-11,1
97032,0,no,454,yes,SM,2021-12,1
58817,0,no,722,yes,SM,2021-01,1
57289,0,no,722,yes,SM,2021-02,1
65385,0,no,722,yes,SM,2021-03,1
70254,0,no,722,yes,SM,2021-05,1
73432,0,no,722,yes,SM,2021-06,1
74830,0,no,722,yes,SM,2021-07,1
74752,0,no,722,yes,SM,2021-08,1
75045,0,no,722,yes,SM,2021-10,1
75600,0,no,722,yes,SM,2021-11,1
74367,0,no,722,yes,SM,2021-12,1
35002,0,no,446,yes,SM,2023-01,1
35582,0,no,446,yes,SM,2023-02,1
35682,0,no,446,yes,SM,2023-03,1
36074,0,no,446,yes,SM,2023-04,1
36414,0,no,446,yes,SM,2023-05,1
36339,0,no,446,yes,SM,2023-06,1
35844,0,no,446,yes,SM,2023-07,1
36593,0,no,446,yes,SM,2023-08,1
36568,0,no,446,yes,SM,2023-09,1
37570,0,no,446,yes,SM,2023-10,1
37455,0,no,446,yes,SM,2023-11,1
36799,0,no,446,yes,SM,2023-12,1
63472,0,no,4451,yes,SM,2021-01,1
63821,0,no,4451,yes,SM,2021-02,1
64006,0,no,4451,yes,SM,2021-03,1
64604,0,no,4451,yes,SM,2021-04,1
65195,0,no,4451,yes,SM,2021-05,1
65814,0,no,4451,yes,SM,2021-06,1
65850,0,no,4451,yes,SM,2021-07,1
67509,0,no,4451,yes,SM,2021-08,1
67771,0,no,4451,yes,SM,2021-09,1
68142,0,no,4451,yes,SM,2021-10,1
68218,0,no,4451,yes,SM,2021-11,1
68824,0,no,4451,yes,SM,2021-12,1
570510,0,no,44X72,yes,SM,2021-01,1
555489,0,no,44X72,yes,SM,2021-02,1
616348,0,no,44X72,yes,SM,2021-03,1
622705,0,no,44X72,yes,SM,2021-04,1
615543,0,no,44X72,yes,SM,2021-05,1
622125,0,no,44X72,yes,SM,2021-06,1
612647,0,no,44X72,yes,SM,2021-07,1
616892,0,no,44X72,yes,SM,2021-08,1
620529,0,no,44X72,yes,SM,2021-09,1
630562,0,no,44X72,yes,SM,2021-10,1
637775,0,no,44X72,yes,SM,2021-11,1
632515,0,no,44X72,yes,SM,2021-12,1
10442,0,no,4521E,yes,SM,2021-01,1
9849,0,no,4521E,yes,SM,2021-02,1
11232,0,no,4521E,yes,SM,2021-03,1
11129,0,no,4521E,yes,SM,2021-04,1
11300,0,no,4521E,yes,SM,2021-05,1
11500,0,no,4521E,yes,SM,2021-06,1
11286,0,no,4521E,yes,SM,2021-07,1
11245,0,no,4521E,yes,SM,2021-08,1
11283,0,no,4521E,yes,SM,2021-09,1
11437,0,no,4521E,yes,SM,2021-10,1
11344,0,no,4521E,yes,SM,2021-11,1
11177,0,no,4521E,yes,SM,2021-12,1
43082,0,no,444,yes,SM,2023-01,1
42685,0,no,444,yes,SM,2023-02,1
40867,0,no,444,yes,SM,2023-03,1
41077,0,no,444,yes,SM,2023-04,1
41919,0,no,444,yes,SM,2023-05,1
41118,0,no,444,yes,SM,2023-06,1
41014,0,no,444,yes,SM,2023-07,1
41205,0,no,444,yes,SM,2023-08,1
40975,0,no,444,yes,SM,2023-09,1
40763,0,no,444,yes,SM,2023-10,1
40841,0,no,444,yes,SM,2023-11,1
40963,0,no,444,yes,SM,2023-12,1
81347,0,no,445,yes,SM,2023-01,1
81935,0,no,445,yes,SM,2023-02,1
81425,0,no,445,yes,SM,2023-03,1
81206,0,no,445,yes,SM,2023-04,1
81288,0,no,445,yes,SM,2023-05,1
81181,0,no,445,yes,SM,2023-06,1
81384,0,no,445,yes,SM,2023-07,1
81920,0,no,445,yes,SM,2023-08,1
81966,0,no,445,yes,SM,2023-09,1
82048,0,no,445,yes,SM,2023-10,1
82181,0,no,445,yes,SM,2023-11,1
82158,0,no,445,yes,SM,2023-12,1
73572,0,no,4451,yes,SM,2023-02,1
73158,0,no,4451,yes,SM,2023-03,1
72913,0,no,4451,yes,SM,2023-04,1
72807,0,no,4451,yes,SM,2023-05,1
72878,0,no,4451,yes,SM,2023-07,1
73463,0,no,4451,yes,SM,2023-08,1
73448,0,no,4451,yes,SM,2023-09,1
73472,0,no,4451,yes,SM,2023-10,1
73583,0,no,4451,yes,SM,2023-11,1
571325,0,no,44000,yes,SM,2022-01,1
574609,0,no,44000,yes,SM,2022-02,1
585912,0,no,44000,yes,SM,2022-03,1
592141,0,no,44000,yes,SM,2022-04,1
589282,0,no,44000,yes,SM,2022-05,1
593360,0,no,44000,yes,SM,2022-06,1
589039,0,no,44000,yes,SM,2022-07,1
590987,0,no,44000,yes,SM,2022-08,1
588894,0,no,44000,yes,SM,2022-09,1
595839,0,no,44000,yes,SM,2022-10,1
588309,0,no,44000,yes,SM,2022-11,1
128830,0,no,441,yes,SM,2022-01,1
129561,0,no,441,yes,SM,2022-02,1
128603,0,no,441,yes,SM,2022-03,1
130876,0,no,441,yes,SM,2022-04,1
125373,0,no,441,yes,SM,2022-05,1
125577,0,no,441,yes,SM,2022-06,1
123450,0,no,441,yes,SM,2022-07,1
126957,0,no,441,yes,SM,2022-08,1
125917,0,no,441,yes,SM,2022-09,1
128599,0,no,441,yes,SM,2022-10,1
125807,0,no,441,yes,SM,2022-11,1
122376,0,no,441,yes,SM,2022-12,1
12206,0,no,442,yes,SM,2022-05,1
11989,0,no,442,yes,SM,2022-06,1
11914,0,no,442,yes,SM,2022-07,1
12066,0,no,442,yes,SM,2022-08,1
11927,0,no,442,yes,SM,2022-09,1
12218,0,no,442,yes,SM,2022-10,1
11808,0,no,442,yes,SM,2022-11,1
11503,0,no,442,yes,SM,2022-12,1
7454,0,no,443,yes,SM,2022-01,1
7580,0,no,443,yes,SM,2022-02,1
8459,0,no,443,yes,SM,2022-04,1
8056,0,no,443,yes,SM,2022-05,1
7864,0,no,443,yes,SM,2022-06,1
7984,0,no,443,yes,SM,2022-07,1
7835,0,no,443,yes,SM,2022-09,1
7800,0,no,443,yes,SM,2022-10,1
7176,0,no,443,yes,SM,2022-11,1
7087,0,no,443,yes,SM,2022-12,1
77429,0,no,445,yes,SM,2022-01,1
77479,0,no,445,yes,SM,2022-02,1
78318,0,no,445,yes,SM,2022-03,1
78537,0,no,445,yes,SM,2022-04,1
79299,0,no,445,yes,SM,2022-05,1
79908,0,no,445,yes,SM,2022-06,1
79859,0,no,445,yes,SM,2022-07,1
80268,0,no,445,yes,SM,2022-08,1
80777,0,no,445,yes,SM,2022-09,1
81592,0,no,445,yes,SM,2022-10,1
81795,0,no,445,yes,SM,2022-11,1
81576,0,no,445,yes,SM,2022-12,1
53670,0,no,447,yes,SM,2022-01,1
63183,0,no,447,yes,SM,2022-03,1
63821,0,no,447,yes,SM,2022-04,1
66679,0,no,447,yes,SM,2022-05,1
67937,0,no,447,yes,SM,2022-06,1
66021,0,no,447,yes,SM,2022-07,1
58395,0,no,447,yes,SM,2022-09,1
60478,0,no,447,yes,SM,2022-10,1
59627,0,no,447,yes,SM,2022-11,1
56526,0,no,447,yes,SM,2022-12,1
644034,0,no,44X72,yes,SM,2022-01,1
650522,0,no,44X72,yes,SM,2022-02,1
664167,0,no,44X72,yes,SM,2022-03,1
673245,0,no,44X72,yes,SM,2022-04,1
671040,0,no,44X72,yes,SM,2022-05,1
675702,0,no,44X72,yes,SM,2022-06,1
671067,0,no,44X72,yes,SM,2022-07,1
675107,0,no,44X72,yes,SM,2022-08,1
673312,0,no,44X72,yes,SM,2022-09,1
681748,0,no,44X72,yes,SM,2022-10,1
673674,0,no,44X72,yes,SM,2022-11,1
666734,0,no,44X72,yes,SM,2022-12,1
515204,0,no,44Y72,yes,SM,2022-01,1
535564,0,no,44Y72,yes,SM,2022-03,1
542369,0,no,44Y72,yes,SM,2022-04,1
545667,0,no,44Y72,yes,SM,2022-05,1
550125,0,no,44Y72,yes,SM,2022-06,1
547617,0,no,44Y72,yes,SM,2022-07,1
547395,0,no,44Y72,yes,SM,2022-09,1
553149,0,no,44Y72,yes,SM,2022-10,1
547867,0,no,44Y72,yes,SM,2022-11,1
56394,0,no,447,yes,SM,2023-01,1
55233,0,no,447,yes,SM,2023-02,1
54863,0,no,447,yes,SM,2023-03,1
53994,0,no,447,yes,SM,2023-04,1
52560,0,no,447,yes,SM,2023-05,1
52180,0,no,447,yes,SM,2023-06,1
52074,0,no,447,yes,SM,2023-07,1
55612,0,no,447,yes,SM,2023-08,1
57621,0,no,447,yes,SM,2023-09,1
55707,0,no,447,yes,SM,2023-10,1
53518,0,no,447,yes,SM,2023-11,1
53099,0,no,447,yes,SM,2023-12,1
26045,0,no,448,yes,SM,2023-01,1
25559,0,no,448,yes,SM,2023-02,1
25387,0,no,448,yes,SM,2023-03,1
25155,0,no,448,yes,SM,2023-04,1
25195,0,no,448,yes,SM,2023-05,1
25286,0,no,448,yes,SM,2023-06,1
25584,0,no,448,yes,SM,2023-07,1
25922,0,no,448,yes,SM,2023-08,1
25566,0,no,448,yes,SM,2023-09,1
25499,0,no,448,yes,SM,2023-10,1
25764,0,no,448,yes,SM,2023-11,1
26147,0,no,448,yes,SM,2023-12,1
503651,0,no,44W72,yes,SM,2023-01,1
500695,0,no,44W72,yes,SM,2023-02,1
495044,0,no,44W72,yes,SM,2023-03,1
498721,0,no,44W72,yes,SM,2023-04,1
502159,0,no,44W72,yes,SM,2023-05,1
560045,0,no,44Y72,yes,SM,2023-01,1
555928,0,no,44Y72,yes,SM,2023-02,1
549907,0,no,44Y72,yes,SM,2023-03,1
552715,0,no,44Y72,yes,SM,2023-04,1
554719,0,no,44Y72,yes,SM,2023-05,1
555369,0,no,44Y72,yes,SM,2023-06,1
558584,0,no,44Y72,yes,SM,2023-07,1
563381,0,no,44Y72,yes,SM,2023-08,1
567782,0,no,44Y72,yes,SM,2023-09,1
567104,0,no,44Y72,yes,SM,2023-10,1
567582,0,no,44Y72,yes,SM,2023-11,1
569502,0,no,44Y72,yes,SM,2023-12,1
8663,0,no,451,yes,SM,2023-01,1
8556,0,no,451,yes,SM,2023-02,1
8554,0,no,451,yes,SM,2023-03,1
8616,0,no,451,yes,SM,2023-04,1
8574,0,no,451,yes,SM,2023-05,1
8513,0,no,451,yes,SM,2023-06,1
8777,0,no,451,yes,SM,2023-07,1
8489,0,no,451,yes,SM,2023-08,1
8428,0,no,451,yes,SM,2023-09,1
8430,0,no,451,yes,SM,2023-10,1
8501,0,no,451,yes,SM,2023-11,1
8364,0,no,451,yes,SM,2023-12,1
74707,0,no,452,yes,SM,2023-01,1
72099,0,no,452,yes,SM,2023-03,1
73169,0,no,452,yes,SM,2023-04,1
73235,0,no,452,yes,SM,2023-05,1
73392,0,no,452,yes,SM,2023-06,1
73793,0,no,452,yes,SM,2023-07,1
74066,0,no,452,yes,SM,2023-09,1
24050,0,no,448,yes,SM,2022-01,1
24708,0,no,448,yes,SM,2022-02,1
25838,0,no,448,yes,SM,2022-03,1
25882,0,no,448,yes,SM,2022-04,1
25379,0,no,448,yes,SM,2022-05,1
25565,0,no,448,yes,SM,2022-06,1
24969,0,no,448,yes,SM,2022-07,1
25259,0,no,448,yes,SM,2022-08,1
25552,0,no,448,yes,SM,2022-09,1
25599,0,no,448,yes,SM,2022-10,1
25384,0,no,448,yes,SM,2022-11,1
24916,0,no,448,yes,SM,2022-12,1
544358,0,no,44Y72,yes,SM,2022-12,1
594494,0,no,44Z72,yes,SM,2022-02,1
600984,0,no,44Z72,yes,SM,2022-03,1
609424,0,no,44Z72,yes,SM,2022-04,1
604361,0,no,44Z72,yes,SM,2022-05,1
607765,0,no,44Z72,yes,SM,2022-06,1
614053,0,no,44Z72,yes,SM,2022-08,1
614917,0,no,44Z72,yes,SM,2022-09,1
621270,0,no,44Z72,yes,SM,2022-10,1
614047,0,no,44Z72,yes,SM,2022-11,1
610208,0,no,44Z72,yes,SM,2022-12,1
14618,0,no,453,yes,SM,2023-01,1
14323,0,no,453,yes,SM,2023-02,1
14121,0,no,453,yes,SM,2023-03,1
14437,0,no,453,yes,SM,2023-04,1
14338,0,no,453,yes,SM,2023-05,1
14687,0,no,453,yes,SM,2023-06,1
14474,0,no,453,yes,SM,2023-07,1
13883,0,no,453,yes,SM,2023-08,1
14504,0,no,453,yes,SM,2023-09,1
14736,0,no,453,yes,SM,2023-10,1
14747,0,no,453,yes,SM,2023-11,1
14745,0,no,453,yes,SM,2023-12,1
33315,0,no,446,yes,SM,2022-04,1
34080,0,no,446,yes,SM,2022-10,1
